company_name,contact_name,contact_email,domain
Scout Out,scoutout.ai
Pocket,heypocket.comnow
Constellation Space,constellationspace.ai
Oximy,oximy.com
Human Archive,www.humanarchive.ai
Maywood,maywoodai.com
Jinba,jinba.io
Pax Historia,www.paxhistoria.co
Arcline,www.arcline-ai.com
Asimov,tryasimov.ai
Payna,
Ndea,ndea.com
Voltair,voltairlabs.com
Menza,menza.ai
item,item.app
Clicks,goclicks.ai
Velvet,velvet.video
DiligenceSquared,diligencesquared.com
Lightberry,lightberry.com
The Hog,thehog.ai
Telemetron,www.telemetron.ai
Rovi Health,www.rovi.health
Castari,castari.com
Karumi,www.karumi.ai
Icarus,www.icarus.one
Sava,www.savahq.com
Metorial,metorial.com
Kalpa Labs,kalpalabs.ai
Zalos,www.zalos.ai
Nucleo,nucleoresearch.com
Leadbay,leadbay.ai
Bravi,www.bravi.app
Sunflower,sunflowersober.com
Multifactor,multifactor.com
Allus AI,allus.ai
Unsiloed AI,www.unsiloed.ai
SF Tensor,sf-tensor.com
AnswerThis,answerthis.io
Semble AI,www.sembleai.com
Flick,flick.art
hillclimb,hillclimb.com
Wardstone,www.wardstone.space
Hypercubic,www.hypercubic.ai
Questom,www.questom.ai
Caddy,trycaddy.ai
Deeptrace,deeptrace.com
Bolna AI,bolna.ai
Parrot,parrotapp.com
Brickwise,www.brickwiseai.com
Structured AI,www.getstructured.ai
Uplane,uplane.com
Brickanta,www.brickanta.com
Digipals,www.digipals.app
Parametric,parametric.company
Prox,prox.inc
Autonomous Technologies Group,becomeautonomous.com
Fifth Door,fifthdoor.com
OpenBuilder,theopenbuilder.com
F2,http:f2.ai
Nox Metals,noxmetals.co
Luminal,luminal.com
burnt,getburnt.ai
NOSO LABS,noso.so
Vulcan Technologies,vulcan.ai
Interfere,interfere.com
TectoAI,www.tecto.ai
Magnetic,www.magnetictax.com
Fleetline,fleetline.ai
Juxta,juxta.com
Rebulk,www.rebulk.com
Reacher,reacherapp.com
Hera,hera.video
Pally,pally.com
Convexia,convexia.bio
Metis,withmetis.ai
Altur,altur.io
Avelis Health,avelishealth.com
Nautilus,nautilus.co
Idler,idler.ai
Floot,floot.com
Socratix AI,getsocratix.ai
Iron Grid,getirongrid.com
Finto,www.gofinto.com
Motives,motives.ai
Manufact (formerly mcp-use),manufact.com
Novaflow,www.novaflowapp.com
Perseus Defense,perseusdefense.com
Solva,solvatechnology.com
Nozomio,www.trynia.ai
VibeFlow,vibeflow.ai
Comena,comena.ai
GhostEye,ghosteye.ai
Channel3,trychannel3.com
Flai,www.useflai.com
Interface,www.theinterface.com
IronLedger.ai,ironledger.ai
Kalinda,www.kalinda.ai
BootLoop,bootloop.ai
AgentHub,www.agenthublabs.com
CareSwift,www.careswift.com
Pangolin,pangolin.net
DeepAware AI,deepawareai.com
Proliferate,proliferate.com?utm_source=yc&utm_medium=referral&utm_campaign=profile
DeepGrove,deepgrove.ai
OnDeck AI,www.ondeckai.com
Imprezia,imprezia.ai
Janet AI,janet.ai
Wafer,www.wafer.ai
Orange Slice,orangeslice.ai
EffiGov,effigov.com
Verne Robotics,vernerobotics.com
Liva AI,www.theliva.ai
Lanesurf,www.lanesurf.com
Blank Bio,http:blank.bio
truthsystems,www.truthsystems.ai
AgentMail,agentmail.to
TraceRoot.AI,traceroot.ai
Halluminate,halluminate.ai
MangoDesk,www.mangodesk.com
The Prompting Company,www.promptingcompany.com
Acrely,www.acrely.ai
Dedalus Labs,www.dedaluslabs.ai
Pingo AI,pingo.ai
Nixo,withnixo.com
Wayline,wayline.com
Ambral,www.ambral.com
Autumn,useautumn.com
Foundation Industries,www.foundation-industries.com
Godela,http:godela.ai
Cascade Space,cascade.space
Bond,www.bondapp.io
Airweave,airweave.ai
Theorem,theorem.dev
Text.ai,www.text.ai
StarSling,www.starsling.dev
Cactus,oncactus.com
Code Four,codefour.us
Lumari,www.lumari.io
MindFort,www.mindfort.ai
Lapel,lapel.com
Naive,usenaive.ai
Hemut,www.hemut.com
Eloquent AI,www.eloquentai.co
MorphoAI,morpho.ai
Third Chair,usethirdchair.com
Besimple AI,besimple.ai
QualGent,www.qualgent.ai
Novoflow,www.novoflow.io
throxy,throxy.com
Lucis,www.lucis.life
Casco,casco.com
Kaizen,kaizenautomation.com
Labric,labric.co
Photonium,www.photoniumoptics.com
Sixtyfour,www.sixtyfour.ai
Jeevy Fabrication,www.jeevyfabrication.com
Better Auth,better-auth.com
Bluejay,getbluejay.ai
Attune,attunehq.com
PgDog,pgdog.dev
Sim,sim.ai
Claim Health,www.claimhealth.com
Auctor,getauctor.com
Cua,cua.ai
Minerva,www.tryminerva.ai
GroundControl,rungroundcontrol.com
Avallon AI,www.avallon.ai
Bloom,bloom.diy
cubic,cubic.dev
nao Labs,getnao.io
Aravolta,www.aravolta.com
Chestnut,chestnutmortgage.com
QFEX,qfex.com
Blaxel,blaxel.ai
Atlog,atlog.ai
Partcl,partcl.com
Willow,willowvoice.com
Leeroo,www.leeroo.com
Artifact,www.artifact.engineer
Dex,joindex.com
SAMMY Labs,www.sammylabs.com
Mercura,www.mercura.ai
Browser Use,browser-use.com
Ergo,joinergo.com
Paratus Health,paratushealth.com
Dalus,dalus.io
Rebolt,rebolt.ai
Spott,spott.io
Woz,withwoz.com
Proception Inc,proception.ai
Reditus Space,www.reditus.space
Optifye.ai,www.optifye.ai
Archon,archon.inc
AfterQuery,afterquery.com
Misprint,www.misprint.com
FuseAI,tryfuse.ai
Artificial Societies,societies.io
Peppr AI,www.usepeppr.ai
Infinite,infinite.dev
Orbital Operations,www.orbitalops.tech
Mesh,http:www.usemesh.com
Harper,www.harperinsure.com
Calltree,calltree.ai
Nitrode,www.nitrode.com
Karsa,gokarsa.com
Confident AI,confident-ai.com
Waypoint Transit,waypointtransit.com
Solidroad,solidroad.com
Trata,www.trytrata.com
AthenaHQ,www.athenahq.ai
Lucid,lucid.ai
Macadamia,macadamialabs.com
Gale,galevisa.com
Pave Robotics,pave-robotics.com
PAX Markets,pax.markets
Olive,fromolive.com
hud,www.hud.so
Cuckoo Labs,www.cuckoo.so
HealthKey,gethealthkey.com
Osmosis,osmosis.ai
Mosaic,mosaic.so
ZeroEntropy,www.zeroentropy.dev
Adam,adam.new
SalesPatriot,www.salespatriot.com
Weave,workweave.dev
Maritime Fusion,maritimefusion.com
Toothy AI,www.toothy.ai
Contrario,contrario.ai
Closure,closure-intel.com
Promptless,promptless.ai
Scout,scoutforschools.com
Stamp,www.stampmail.ai
Splash Inc.,splash9.com
Orchids,www.orchids.app
Axiom,axiom.trade
SubImage,subimage.io
Hey Telo,www.heytelo.com
Flowtel,flowtel.ai
Leaping AI,www.leapingai.com
Bild AI,www.bild.ai
Enhanced Radar,www.enhancedradar.com
Edexia,www.edexia.com
Onlook,onlook.com
YouShift,www.you-shift.com
Overstand Labs,overstandlabs.com